EWS0460,Engagement Ring
EWS0461,Engagement Ring
EWS0462,Engagement Ring
EWS0463,Engagement Ring
EWS0464,Engagement Ring
EWS0465,Engagement Ring
EWS0466,Engagement Ring
EWS0467,Engagement Ring
EWS0468,Engagement Ring
EWS0469,Engagement Ring
EWS0470,Engagement Ring
EWS0471,Engagement Ring
EWS0472,Engagement Ring
EWS0473,Engagement Ring
EWS0474,Engagement Ring
EWS0475,Engagement Ring
EWS0476,Wedding Band
EWS0477,Wedding Band
EWS0478,Wedding Band
EWS0479,Wedding Band
EWS0480,Wedding Band
EWS0481,Wedding Band
EWS0482,Wedding Band
EWS0483,Wedding Band
EWS0484,Wedding Band
EWS0485,Engagement Ring
EWS0486,Engagement Ring
EWS0487,Engagement Ring
EWS0488,Engagement Ring
EWS0489,Engagement Ring
EWS0490,Engagement Ring
EWS0491,Engagement Ring
EWS0492,Engagement Ring
EWS0493,Engagement Ring
EWS0494,Engagement Ring
EWS0495,Engagement Ring
EWS0496,Engagement Ring
EWS0497,Engagement Ring
EWS0498,Engagement Ring
EWS0499,Engagement Ring
EWS0500,Engagement Ring
EWS0501,Engagement Ring
EWS0502,Engagement Ring
EWS0503,Engagement Ring
EWS0504,Engagement Ring
EWS0505,Engagement Ring
EWS0506,Engagement Ring
EWS0507,Engagement Ring
EWS0508,Engagement Ring
EWS0509,Engagement Ring
EWS0510,Engagement Ring
EWS0511,Engagement Ring
EWS0512,Engagement Ring
EWS0513,Engagement Ring
EWS0514,Engagement Ring
EWS0515,Engagement Ring
EWS0516,Engagement Ring
EWS0517,Engagement Ring
EWS0518,Engagement Ring
EWS0519,Engagement Ring
EWS0520,Engagement Ring
EWS0521,Engagement Ring
EWS0522,Engagement Ring
EWS0523,Engagement Ring
EWS0524,Engagement Ring
EWS0525,Engagement Ring
EWS0526,Engagement Ring
EWS0527,Engagement Ring
EWS0528,Engagement Ring
EWS0529,Engagement Ring
EWS0530,Engagement Ring
EWS0531,Engagement Ring
EWS0532,Engagement Ring
EWS0533,Engagement Ring
EWS0534,Engagement Ring
EWS0535,Engagement Ring
EWS0536,Engagement Ring
EWS0537,Engagement Ring
EWS0538,Engagement Ring
EWS0539,Engagement Ring
EWS0540,Engagement Ring
EWS0541,Engagement Ring
EWS0542,Engagement Ring
EWS0543,Engagement Ring
EWS0544,Engagement Ring
EWS0545,Engagement Ring
EWS0546,Engagement Ring
EWS0547,Engagement Ring
EWS0548,Engagement Ring
EWS0549,Engagement Ring
EWS0550,Engagement Ring
EWS0551,Engagement Ring
EWS0552,Engagement Ring
EWS0553,Engagement Ring
EWS0554,Engagement Ring
EWS0555,Engagement Ring
EWS0556,Engagement Ring
EWS0557,Engagement Ring
EWS0558,Engagement Ring
EWS0559,Engagement Ring
EWS0560,Engagement Ring
EWS0561,Engagement Ring
EWS0562,Engagement Ring
EWS0563,Engagement Ring
EWS0564,Engagement Ring
EWS0565,Engagement Ring
EWS0566,Engagement Ring
EWS0567,Engagement Ring
EWS0568,Engagement Ring
EWS0569,Engagement Ring
EWS0570,Engagement Ring
EWS0571,Engagement Ring
EWS0572,Engagement Ring
EWS0573,Engagement Ring
EWS0574,Engagement Ring
EWS0575,Engagement Ring
EWS0576,Engagement Ring
EWS0577,Engagement Ring
EWS0578,Engagement Ring
EWS0579,Engagement Ring
EWS0580,Engagement Ring
EWS0581,Engagement Ring
EWS0582,Engagement Ring
EWS0583,Engagement Ring
EWS0584,Engagement Ring
EWS0585,Engagement Ring
EWS0586,Engagement Ring
EWS0587,Engagement Ring
EWS0588,Engagement Ring
EWS0589,Engagement Ring
EWS0590,Engagement Ring
EWS0591,Engagement Ring
EWS0592,Engagement Ring
EWS0593,Engagement Ring
EWS0594,Engagement Ring
EWS0595,Engagement Ring
EWS0596,Engagement Ring
EWS0597,Engagement Ring
EWS0598,Engagement Ring
EWS0599,Engagement Ring
EWS0600,Engagement Ring
EWS0601,Engagement Ring
EWS0602,Engagement Ring
EWS0603,Engagement Ring
EWS0604,Engagement Ring
EWS0605,Engagement Ring
EWS0606,Engagement Ring
EWS0607,Engagement Ring
EWS0608,Engagement Ring
EWS0609,Engagement Ring
EWS0610,Engagement Ring
EWS0611,Engagement Ring
EWS0612,Engagement Ring
EWS0613,Engagement Ring
EWS0614,Engagement Ring
EWS0615,Engagement Ring
EWS0616,Engagement Ring
EWS0617,Engagement Ring
EWS0618,Engagement Ring
EWS0619,Engagement Ring
EWS0620,Engagement Ring
EWS0621,Engagement Ring
EWS0622,Engagement Ring
EWS0623,Engagement Ring
EWS0624,Engagement Ring
EWS0625,Engagement Ring
EWS0626,Engagement Ring
EWS0627,Engagement Ring
EWS0628,Engagement Ring
EWS0629,Engagement Ring
EWS0630,Engagement Ring
EWS0631,Engagement Ring
EWS0632,Engagement Ring
EWS0633,Engagement Ring
EWS0634,Engagement Ring
EWS0635,Engagement Ring
EWS0636,Engagement Ring
EWS0637,Engagement Ring
EWS0638,Engagement Ring
EWS0639,Engagement Ring
EWS0640,Engagement Ring
EWS0641,Engagement Ring
EWS0642,Engagement Ring
EWS0643,Engagement Ring
EWS0644,Engagement Ring
EWS0645,Engagement Ring
EWS0646,Engagement Ring
EWS0647,Engagement Ring
EWS0648,Engagement Ring
EWS0649,Engagement Ring
EWS0650,Engagement Ring
EWS0651,Engagement Ring
EWS0652,Engagement Ring
EWS0653,Engagement Ring
EWS0654,Engagement Ring
EWS0655,Engagement Ring
EWS0656,Engagement Ring
EWS0657,Engagement Ring
EWS0658,Engagement Ring
EWS0659,Engagement Ring
EWS0660,Engagement Ring
EWS0661,Engagement Ring
EWS0662,Engagement Ring
EWS0663,Engagement Ring
EWS0664,Engagement Ring
EWS0665,Engagement Ring
EWS0666,Engagement Ring
EWS0667,Engagement Ring
EWS0668,Engagement Ring
EWS0669,Engagement Ring
EWS0670,Engagement Ring
EWS0671,Engagement Ring
EWS0672,Engagement Ring
EWS0673,Engagement Ring
EWS0674,Engagement Ring
EWS0675,Engagement Ring
EWS0676,Engagement Ring
EWS0677,Engagement Ring
EWS0678,Engagement Ring
EWS0679,Engagement Ring
EWS0680,Engagement Ring
EWS0681,Engagement Ring
EWS0682,Engagement Ring
EWS0683,Engagement Ring
EWS0684,Engagement Ring
EWS0685,Engagement Ring
EWS0686,Engagement Ring
EWS0687,Engagement Ring
EWS0688,Engagement Ring
EWS0689,Engagement Ring
EWS0690,Engagement Ring
EWS0691,Engagement Ring
EWS0692,Engagement Ring
EWS0693,Engagement Ring
EWS0694,Engagement Ring
EWS0695,Engagement Ring
EWS0696,Engagement Ring
EWS0697,Engagement Ring
EWS0698,Engagement Ring
EWS0699,Engagement Ring
EWS0700,Engagement Ring
EWS0701,Engagement Ring
EWS0702,Engagement Ring
EWS0703,Engagement Ring
EWS0704,Engagement Ring
EWS0705,Engagement Ring
EWS0706,Engagement Ring
EWS0707,Engagement Ring
EWS0708,Engagement Ring
EWS0709,Engagement Ring
EWS0710,Engagement Ring
EWS0711,Engagement Ring
EWS0712,Engagement Ring
EWS0713,Engagement Ring
EWS0714,Engagement Ring
EWS0715,Engagement Ring
EWS0716,Engagement Ring
EWS0717,Engagement Ring
EWS0718,Engagement Ring
EWS0719,Engagement Ring
EWS0720,Engagement Ring
EWS0721,Engagement Ring
EWS0722,Engagement Ring
EWS0723,Engagement Ring
EWS0724,Engagement Ring
EWS0725,Engagement Ring
EWS0726,Engagement Ring
EWS0727,Engagement Ring
EWS0728,Engagement Ring
EWS0729,Engagement Ring
EWS0730,Engagement Ring
EWS0731,Engagement Ring
EWS0732,Engagement Ring
EWS0733,Engagement Ring
EWS0734,Engagement Ring
EWS0735,Engagement Ring
EWS0736,Engagement Ring
EWS0737,Engagement Ring
EWS0738,Engagement Ring
EWS0739,Engagement Ring
EWS0740,Engagement Ring
EWS0741,Engagement Ring
EWS0742,Engagement Ring
EWS0743,Engagement Ring
EWS0744,Engagement Ring
EWS0745,Engagement Ring
EWS0746,Engagement Ring
EWS0747,Engagement Ring
EWS0748,Engagement Ring
EWS0749,Engagement Ring
EWS0750,Engagement Ring
EWS0751,Engagement Ring
EWS0752,Engagement Ring
EWS0753,Engagement Ring
EWS0754,Engagement Ring
EWS0755,Engagement Ring
EWS0756,Engagement Ring
EWS0757,Engagement Ring
EWS0758,Engagement Ring
EWS0759,Engagement Ring
EWS0760,Engagement Ring
EWS0761,Engagement Ring
EWS0762,Engagement Ring
EWS0763,Engagement Ring
EWS0764,Engagement Ring
EWS0765,Engagement Ring
EWS0766,Engagement Ring
EWS0767,Engagement Ring
EWS0768,Engagement Ring
EWS0769,Engagement Ring
EWS0770,Engagement Ring
EWS0771,Engagement Ring
EWS0772,Engagement Ring
EWS0773,Engagement Ring
EWS0774,Engagement Ring
EWS0775,Engagement Ring
EWS0776,Engagement Ring
EWS0777,Engagement Ring
EWS0778,Engagement Ring
EWS0779,Engagement Ring
EWS0780,Engagement Ring
EWS0781,Engagement Ring
EWS0782,Engagement Ring
EWS0783,Engagement Ring
EWS0784,Engagement Ring
EWS0785,Engagement Ring
EWS0786,Engagement Ring
EWS0787,Engagement Ring
EWS0788,Engagement Ring
EWS0789,Engagement Ring
EWS0790,Engagement Ring
EWS0791,Engagement Ring
EWS0792,Engagement Ring
EWS0793,Engagement Ring
EWS0794,Engagement Ring
EWS0795,Engagement Ring
EWS0796,Engagement Ring
EWS0797,Engagement Ring
EWS0798,Engagement Ring
EWS0799,Engagement Ring
EWS0800,Engagement Ring
EWS0801,Engagement Ring
EWS0802,Engagement Ring
EWS0803,Engagement Ring
EWS0804,Engagement Ring
EWS0805,Engagement Ring
EWS0806,Engagement Ring
EWS0807,Engagement Ring
EWS0808,Engagement Ring
EWS0809,Engagement Ring
EWS0810,Engagement Ring
EWS0811,Engagement Ring
EWS0812,Engagement Ring
EWS0813,Engagement Ring