ES0885,Engagement Ring
ES0886,Engagement Ring
ES0887,Engagement Ring
ES0888,Engagement Ring
ES0889,Engagement Ring
ES0890,Engagement Ring
ES0891,Engagement Ring
ES0892,Engagement Ring
ES0893,Engagement Ring
ES0894,Engagement Ring
ES0895,Engagement Ring
ES0896,Engagement Ring
ES0897,Engagement Ring
ES0898,Engagement Ring
ES0899,Engagement Ring
ES0900,Engagement Ring
ES0901,Engagement Ring
ES0902,Engagement Ring
ES0903,Engagement Ring
ES0904,Engagement Ring
ES0905,Engagement Ring
ES0906,Engagement Ring
ES0907,Engagement Ring
ES0908,Engagement Ring
ES0909,Engagement Ring
ES0910,Engagement Ring
ES0911,Engagement Ring
ES0912,Engagement Ring
ES0913,Engagement Ring
ES0914,Engagement Ring
ES0915,Engagement Ring
ES0916,Engagement Ring
ES0917,Engagement Ring
ES0918,Engagement Ring
ES0919,Engagement Ring
ES0920,Engagement Ring
ES0921,Engagement Ring
ES0922,Engagement Ring
ES0923,Engagement Ring
ES0924,Engagement Ring
ES0925,Engagement Ring
ES0926,Engagement Ring
ES0927,Engagement Ring
ES0928,Engagement Ring
ES0929,Engagement Ring
ES0930,Engagement Ring
ES0931,Engagement Ring
ES0932,Engagement Ring
ES0933,Engagement Ring
ES0934,Engagement Ring
ES0935,Engagement Ring
ES0936,Engagement Ring
ES0937,Engagement Ring
ES0938,Engagement Ring
ES0939,Engagement Ring
ES0940,Engagement Ring
ES0941,Engagement Ring
ES0942,Engagement Ring
ES0943,Engagement Ring
ES0944,Engagement Ring
ES0945,Engagement Ring
ES0946,Engagement Ring
ES0947,Engagement Ring
ES0948,Engagement Ring
ES0949,Engagement Ring
ES0950,Engagement Ring
ES0951,Engagement Ring
ES0952,Engagement Ring
ES0953,Engagement Ring
ES0954,Engagement Ring
ES0955,Engagement Ring
ES0956,Engagement Ring
ES0957,Engagement Ring
ES0958,Engagement Ring
ES0959,Engagement Ring
ES0960,Engagement Ring
ES0961,Engagement Ring
ES0962,Engagement Ring
ES0963,Engagement Ring
ES0964,Engagement Ring
ES0965,Engagement Ring
ES0966,Engagement Ring
ES0967,Engagement Ring
ES0968,Engagement Ring
ES0969,Engagement Ring
ES0970,Engagement Ring
ES0971,Engagement Ring
ES0972,Engagement Ring
ES0973,Engagement Ring
ES0974,Engagement Ring
ES0975,Engagement Ring
ES0976,Engagement Ring
ES0977,Engagement Ring
ES0978,Engagement Ring
ES0979,Engagement Ring
ES0980,Engagement Ring
ES0981,Engagement Ring
ES0982,Engagement Ring
ES0983,Engagement Ring
ES0984,Engagement Ring
ES0985,Engagement Ring
ES0986,Engagement Ring
ES0987,Engagement Ring
ES0988,Engagement Ring
ES0989,Engagement Ring
ES0990,Engagement Ring
ES0991,Engagement Ring
ES0992,Engagement Ring
ES0993,Engagement Ring
ES0994,Engagement Ring
ES0995,Engagement Ring
ES0996,Engagement Ring
ES0997,Engagement Ring
ES0998,Engagement Ring
ES0999,Engagement Ring
ES1000,Engagement Ring
ES1001,Engagement Ring
ES1002,Engagement Ring
ES1003,Engagement Ring
ES1004,Engagement Ring
ES1005,Engagement Ring
ES1006,Engagement Ring
ES1007,Engagement Ring
ES1008,Engagement Ring
ES1009,Engagement Ring
ES1010,Engagement Ring
ES1011,Engagement Ring
ES1012,Engagement Ring
ES1013,Engagement Ring
ES1014,Engagement Ring
ES1015,Engagement Ring
ES1016,Engagement Ring
ES1017,Engagement Ring
ES1018,Engagement Ring
ES1019,Engagement Ring
ES1020,Engagement Ring
ES1021,Engagement Ring
ES1022,Engagement Ring
ES1023,Engagement Ring
ES1024,Engagement Ring
ES1025,Engagement Ring
ES1026,Engagement Ring
ES1027,Engagement Ring
ES1028,Engagement Ring
ES1029,Engagement Ring
ES1030,Engagement Ring
ES1031,Engagement Ring
ES1032,Engagement Ring
ES1033,Engagement Ring
ES1034,Engagement Ring
ES1035,Engagement Ring
ES1036,Engagement Ring
ES1037,Engagement Ring
ES1038,Engagement Ring
ES1039,Engagement Ring
ES1040,Engagement Ring
ES1041,Engagement Ring
ES1042,Engagement Ring
ES1043,Engagement Ring
ES1044,Engagement Ring
ES1045,Engagement Ring
ES1046,Engagement Ring
ES1047,Engagement Ring
ES1048,Engagement Ring
ES1049,Engagement Ring
ES1050,Engagement Ring
ES1051,Engagement Ring
ES1052,Engagement Ring
ES1053,Engagement Ring
ES1054,Engagement Ring
ES1055,Engagement Ring
ES1056,Engagement Ring
ES1057,Engagement Ring
ES1058,Engagement Ring
ES1059,Engagement Ring
ES1060,Engagement Ring
ES1061,Engagement Ring
ES1062,Engagement Ring
ES1063,Engagement Ring
ES1064,Engagement Ring
ES1065,Engagement Ring
ES1066,Engagement Ring
ES1067,Engagement Ring
ES1068,Engagement Ring
ES1069,Engagement Ring
ES1070,Engagement Ring
ES1071,Engagement Ring
ES1072,Engagement Ring
ES1073,Engagement Ring
ES1074,Engagement Ring
ES1075,Engagement Ring
ES1076,Engagement Ring
ES1077,Engagement Ring
ES1078,Engagement Ring
ES1079,Engagement Ring
ES1080,Engagement Ring
ES1081,Engagement Ring
ES1082,Engagement Ring
ES1083,Engagement Ring
ES1084,Engagement Ring
ES1085,Engagement Ring
ES1086,Engagement Ring
ES1087,Engagement Ring
ES1088,Engagement Ring
ES1089,Engagement Ring
ES1090,Engagement Ring
ES1091,Engagement Ring
ES1092,Engagement Ring
ES1093,Engagement Ring
ES1094,Engagement Ring
ES1095,Engagement Ring
ES1096,Engagement Ring
ES1097,Engagement Ring
ES1098,Engagement Ring
ES1099,Engagement Ring
ES1100,Engagement Ring
ES1101,Engagement Ring
ES1102,Engagement Ring
ES1103,Engagement Ring
ES1104,Engagement Ring
ES1105,Engagement Ring
ES1106,Engagement Ring
ES1107,Engagement Ring
ES1108,Engagement Ring
ES1109,Engagement Ring
ES1110,Engagement Ring
ES1111,Engagement Ring
ES1112,Engagement Ring
ES1113,Engagement Ring
ES1114,Engagement Ring
ES1115,Engagement Ring
ES1116,Engagement Ring
ES1117,Engagement Ring
ES1118,Engagement Ring
ES1119,Engagement Ring
ES1120,Engagement Ring
ES1121,Engagement Ring
ES1122,Engagement Ring
ES1123,Engagement Ring
ES1124,Engagement Ring
ES1125,Engagement Ring
ES1126,Engagement Ring
ES1127,Engagement Ring
ES1128,Engagement Ring
ES1129,Engagement Ring
ES1130,Engagement Ring
ES1131,Engagement Ring
ES1132,Engagement Ring
ES1133,Engagement Ring
ES1134,Engagement Ring
ES1135,Engagement Ring
ES1136,Engagement Ring
ES1137,Engagement Ring
ES1138,Engagement Ring
ES1139,Engagement Ring
ES1140,Engagement Ring
ES1141,Engagement Ring
ES1142,Engagement Ring
ES1143,Engagement Ring
ES1144,Engagement Ring
ES1145,Engagement Ring
ES1146,Engagement Ring
ES1147,Engagement Ring
ES1148,Engagement Ring
ES1149,Engagement Ring
ES1150,Engagement Ring
ES1151,Engagement Ring
ES1152,Engagement Ring
ES1153,Engagement Ring
ES1154,Engagement Ring
ES1155,Wedding Band
ES1156,Wedding Band
ES1157,Wedding Band
ES1158,Wedding Band
ES1159,Wedding Band
ES1160,Wedding Band
ES1161,Wedding Band
ES1162,Wedding Band
ES1163,Wedding Band
ES1164,Wedding Band
ES1165,Wedding Band
ES1166,Wedding Band
ES1167,Wedding Band
ES1168,Wedding Band
ES1169,Wedding Band
ES1170,Wedding Band
ES1171,Wedding Band
ES1172,Bridal Set
ES1173,Bridal Set
ES1174,Bridal Set
ES1175,Bridal Set
ES1176,Bridal Set
ES1177,Bridal Set
ES1178,Bridal Set
ES1179,Bridal Set
ES1180,Bridal Set
ES1181,Bridal Set
ES1182,Bridal Set
ES1183,Bridal Set
ES1184,Bridal Set
ES1185,Bridal Set
ES1186,Bridal Set
ES1187,Bridal Set
ES1188,Bridal Set
ES1189,Bridal Set
ES1190,Bridal Set
ES1191,Bridal Set
ES1192,Bridal Set
ES1193,Bridal Set
ES1194,Bridal Set
ES1195,Bridal Set
ES1196,Bridal Set
ES1197,Bridal Set
ES1198,Bridal Set
ES1199,Bridal Set
ES1200,Bridal Set
ES1201,Bridal Set
ES1202,Bridal Set
ES1203,Bridal Set
ES1204,Bridal Set
ES1205,Bridal Set
ES1206,Bridal Set
ES1207,Bridal Set
ES1208,Bridal Set
ES1209,Bridal Set
ES1210,Bridal Set